hugo_symbol,entrez_gene_id,center,ncbi_build,chromosome,start_position,end_position,strand,variant_classification,variant_type,reference_allele,tumor_seq_allele1,tumor_seq_allele2,dbsnp_rs,dbsnp_val_status,tumor_sample_barcode,genome_change,annotation_transcript,transcript_strand,transcript_exon,transcript_position,cdna_change,codon_change,protein_change,refseq_mrna_id,refseq_prot_id,swiss_prot_acc_id,ref_context,gc_content,ensembl_so_term,hgnc_chromosome,refseq_mrna_id_2,secondary_variant_classification,aa_size
"ATAD3A","55210","__UNKNOWN__","__UNKNOWN__","chr1","1452551","1452551","__UNKNOWN__","Missense_Mutation","SNP","G","G","A","rs1619925",,"RN52308948","g.chr1:1452551G>A","ENST00000378755.5","+","3","381","c.287G>A","c.(286-288)cGg>cAg","p.R96Q","NM_018188.3","NP_060658.3","Q9NVI7","GTGCAGATGCGGCTGGAAGCC","0.672","missense","1p36.33","NM_018188",,
"MIB2","142678","__UNKNOWN__","__UNKNOWN__","chr1","1563777","1563777","__UNKNOWN__","Missense_Mutation","SNP","G","G","A",,,"RN52308948","g.chr1:1563777G>A","ENST00000357210.4","+","15","2356","c.2140G>A","c.(2140-2142)Gag>Aag","p.E714K","NM_080875.2","NP_543151.2","Q96AX9","CCTCATCCGGGAGGTGCGGAC","0.726","missense","1p36.33","NM_080875",,
"PIK3CD","5293","__UNKNOWN__","__UNKNOWN__","chr1","9780813","9780813","__UNKNOWN__","Missense_Mutation","SNP","G","G","A","rs753025128",,"RN52308948","g.chr1:9780813G>A","ENST00000377346.4","+","13","1730","c.1535G>A","c.(1534-1536)cGg>cAg","p.R512Q","NM_005026.3","NP_005017.3","O00329","CTGCAGCTGCGGGAAATCCTG","0.677","missense","1p36.2","NM_005026",,
"NBPF1","55672","__UNKNOWN__","__UNKNOWN__","chr1","16893489","16893489","__UNKNOWN__","Intron","SNP","C","C","T","rs607190",,"RN52308948","g.chr1:16893489C>T","ENST00000430580.2","-","25","3727",,,,"NM_017940.3","NP_060410.2","Q3BBV0","GAGAGCCCTGCTCACTGACCC","0.512","intron_variant","1p36.13","NM_017940",,
"EIF4G3","8672","__UNKNOWN__","__UNKNOWN__","chr1","21308998","21308998","__UNKNOWN__","Intron","SNP","C","C","G",,,"RN52308948","g.chr1:21308998C>G","ENST00000264211.8","-","3","225",,,,"NM_003760.4","NP_003751.2","O43432","GCATGCAGCTCAACAAAAATA","0.358","intron_variant","1p36.12","NM_003760",,
"EIF4G3","8672","__UNKNOWN__","__UNKNOWN__","chr1","21315685","21315685","__UNKNOWN__","Intron","SNP","G","G","C",,,"RN52308948","g.chr1:21315685G>C","ENST00000264211.8","-","3","225",,,,"NM_003760.4","NP_003751.2","O43432","ggattactatgagggattcaa","0.443","intron_variant","1p36.12","NM_003760",,
"NCDN","23154","__UNKNOWN__","__UNKNOWN__","chr1","36026197","36026197","__UNKNOWN__","Missense_Mutation","SNP","C","C","A","rs767974563",,"RN52308948","g.chr1:36026197C>A","ENST00000373243.2","+","3","828","c.445C>A","c.(445-447)Cgc>Agc","p.R149S","NM_014284.2","NP_055099.1","Q9UBB6","TGCTGCCCGCCGCTCCATGAT","0.622","missense","1p34.3","NM_014284",,
"MTF1","4520","__UNKNOWN__","__UNKNOWN__","chr1","38279907","38279907","__UNKNOWN__","3'UTR","SNP","G","G","A","rs1288839396",,"RN52308948","g.chr1:38279907G>A","ENST00000373036.4","-","0","3303",,,,"NM_005955.2","NP_005946.2","Q14872","CTCTGAGGAAGAAAATACCAT","0.453","3_prime_UTR_variant","1p33","NM_005955",,
"SLFNL1","200172","__UNKNOWN__","__UNKNOWN__","chr1","41481675","41481675","__UNKNOWN__","3'UTR","SNP","C","C","T",,,"RN52308948","g.chr1:41481675C>T","ENST00000359345.1","-","0","3903",,,,"NM_144990.3","NP_659427.3","Q499Z3","GTCCGCCTCTCAGCAGCCCGC","0.592","3_prime_UTR_variant","1p34.2","NM_144990",,
"STIL","6491","__UNKNOWN__","__UNKNOWN__","chr1","47717467","47717467","__UNKNOWN__","Silent","SNP","G","G","A",,,"RN52308948","g.chr1:47717467G>A","ENST00000360380.3","-","18","3568","c.3205C>T","c.(3205-3207)Ctg>Ttg","p.L1069L","NM_001282936.1","NP_001269865.1","Q15468","AAATATTTCAGAGCTATAGCA","0.408","synonymous_variant","1p32","NM_003035",,
"CMPK1","51727","__UNKNOWN__","__UNKNOWN__","chr1","47842617","47842617","__UNKNOWN__","3'UTR","SNP","C","C","T",,,"RN52308948","g.chr1:47842617C>T","ENST00000371873.5","+","0","1036",,,,"NM_001136140.1|NM_016308.2","NP_001129612.1|NP_057392.1",,"GGTTTAACTTCACCTTAGTTA","0.328","3_prime_UTR_variant","1p34.1-p33","NM_016308",,
"ST6GALNAC3","256435","__UNKNOWN__","__UNKNOWN__","chr1","77096634","77096634","__UNKNOWN__","3'UTR","SNP","G","G","C","rs533123188",,"RN52308948","g.chr1:77096634G>C","ENST00000328299.3","+","0","3209",,,,"NM_152996.2","NP_694541.2","Q8NDV1","TGATTAATCAGAATGGCTTGG","0.308","3_prime_UTR_variant","1p31.1","NM_152996",,
"SAMD13","148418","__UNKNOWN__","__UNKNOWN__","chr1","84810901","84810901","__UNKNOWN__","Intron","SNP","G","G","A",,,"RN52308948","g.chr1:84810901G>A","ENST00000370671.3","+","4","284",,,,,,"Q5VXD3","TAGAAGATGTGAGGGGGAAGA","0.413","intron_variant","1p31.1","NM_001010971",,
"MCOLN2","255231","__UNKNOWN__","__UNKNOWN__","chr1","85403725","85403725","__UNKNOWN__","Missense_Mutation","SNP","G","G","C","rs1355298037",,"RN52308948","g.chr1:85403725G>C","ENST00000370608.3","-","10","1218","c.1151C>G","c.(1150-1152)aCc>aGc","p.T384S","NM_153259.2","NP_694991.2","Q8IZK6","GAGCGTAGAGGTTCCAAGAAA","0.408","missense","1p22","NM_153259",,
"ZNHIT6","54680","__UNKNOWN__","__UNKNOWN__","chr1","86173946","86173946","__UNKNOWN__","Missense_Mutation","SNP","C","C","T",,,"RN52308948","g.chr1:86173946C>T","ENST00000370574.3","-","1","155","c.22G>A","c.(22-24)Gaa>Aaa","p.E8K",,,"Q9NWK9","GACTTCCCTTCATTTTCAGCA","0.572","missense","1p22.3","NM_017953",,
"GBP6","163351","__UNKNOWN__","__UNKNOWN__","chr1","89850873","89850873","__UNKNOWN__","Missense_Mutation","SNP","G","G","A",,,"RN52308948","g.chr1:89850873G>A","ENST00000370456.4","+","11","1840","c.1747G>A","c.(1747-1749)Gat>Aat","p.D583N","NM_198460.2","NP_940862.2","Q6ZN66","ACGTATGATTGATACTACAAA","0.378","missense","1p22","NM_198460",,
"HSD3B1","3283","__UNKNOWN__","__UNKNOWN__","chr1","120057041","120057041","__UNKNOWN__","Missense_Mutation","SNP","G","G","A","rs1459737369",,"RN52308948","g.chr1:120057041G>A","ENST00000369413.3","+","4","1040","c.895G>A","c.(895-897)Gaa>Aaa","p.E299K",,,"P14060","CTTCCTGCTGGAAATAGTGAG","0.453","missense","1p12","NM_000862",,
"RP11-417J8.6","0","__UNKNOWN__","__UNKNOWN__","chr1","142634882","142634882","__UNKNOWN__","lincRNA","SNP","G","G","T",,,"RN52308948","g.chr1:142634882G>T","ENST00000610091.1","-","0","5652",,,,,,,"ctttctgcaggcaggtcatcc","0.552",,,,,
"NBPF9","400818","__UNKNOWN__","__UNKNOWN__","chr1","144828857","144828857","__UNKNOWN__","3'UTR","SNP","C","C","G","rs711764",,"RN52308948","g.chr1:144828857C>G","ENST00000468645.1","+","0","2200",,,,,,"Q3BBW0","TTGAATGAAACTACAGTTCCA","0.483","3_prime_UTR_variant","1q21.1","NM_001037675",,
"NBPF20","100288142","__UNKNOWN__","__UNKNOWN__","chr1","148341981","148341981","__UNKNOWN__","Missense_Mutation","SNP","T","T","C","rs4659311|rs868980936","byFrequency","RN52308948","g.chr1:148341981T>C","ENST00000369202.1","-","6","789","c.592A>G","c.(592-594)Aaa>Gaa","p.K198E",,,"Q3BBV1","TCAGGGACTTTGCTCTCTTCA","0.507","missense","1q21.2",,,
"HIST2H3D","653604","__UNKNOWN__","__UNKNOWN__","chr1","149784945","149784945","__UNKNOWN__","Missense_Mutation","SNP","C","C","T",,,"RN52308948","g.chr1:149784945C>T","ENST00000331491.1","-","1","291","c.292G>A","c.(292-294)Gag>Aag","p.E98K","NM_001123375.2","NP_001116847.1","Q71DI3","AGGTAGGCCTCGCTGGCCTCC","0.642","missense","1q21.2","NM_001123375",,
"PLEKHO1","51177","__UNKNOWN__","__UNKNOWN__","chr1","150131627","150131627","__UNKNOWN__","Missense_Mutation","SNP","G","G","C",,,"RN52308948","g.chr1:150131627G>C","ENST00000369124.4","+","6","1417","c.1139G>C","c.(1138-1140)aGa>aCa","p.R380T","NM_016274.4","NP_057358.2","Q53GL0","AGGGAGCTGAGAGACCTGTAC","0.612","missense","1q21.2","NM_016274",,
"RPRD2","23248","__UNKNOWN__","__UNKNOWN__","chr1","150337283","150337283","__UNKNOWN__","Missense_Mutation","SNP","C","C","G",,,"RN52308948","g.chr1:150337283C>G","ENST00000369068.4","+","1","97","c.93C>G","c.(91-93)ttC>ttG","p.F31L","NM_015203.3","NP_056018.2","Q5VT52","ATCGAAAATTCCAGTCGGTAA","0.552","missense","1q21.2","NM_015203",,
"HORMAD1","84072","__UNKNOWN__","__UNKNOWN__","chr1","150692024","150692024","__UNKNOWN__","Intron","SNP","C","C","G",,,"RN52308948","g.chr1:150692024C>G","ENST00000361824.2","-","2","73",,,,"NM_032132.4","NP_115508.2","Q86X24","CCTTGTGACACAAATACAAGC","0.308","intron_variant","1q21.2","NM_032132",,
"FLG","2312","__UNKNOWN__","__UNKNOWN__","chr1","152280597","152280597","__UNKNOWN__","Silent","SNP","A","A","G","rs3126077",,"RN52308948","g.chr1:152280597A>G","ENST00000368799.1","-","3","6800","c.6765T>C","c.(6763-6765)gaT>gaC","p.D2255D","NM_002016.1","NP_002007.1","P20930","GCCTCTCAGAATCTTCTGAGT","0.582","synonymous_variant","1q21.3","NM_002016",,
"SYT11","23208","__UNKNOWN__","__UNKNOWN__","chr1","155853457","155853457","__UNKNOWN__","3'UTR","SNP","G","G","C",,,"RN52308948","g.chr1:155853457G>C","ENST00000368324.4","+","0","3707",,,,"NM_152280.4","NP_689493.3","Q9BT88","AAGGTTAGTTGAGACTGAAGT","0.468","3_prime_UTR_variant","1q22","NM_152280",,
"MPC2","25874","__UNKNOWN__","__UNKNOWN__","chr1","167905858","167905858","__UNKNOWN__","Intron","SNP","C","C","T",,,"RN52308948","g.chr1:167905858C>T","ENST00000271373.4","-","1","102",,,,"NM_001143674.2","NP_001137146.1","O95563","GAGTCGCCATCGCCTCCGCCT","0.617","intron_variant","1q24","NM_015415",,
"MPC2","25874","__UNKNOWN__","__UNKNOWN__","chr1","167906019","167906019","__UNKNOWN__","Intron","SNP","C","C","T","rs912495929",,"RN52308948","g.chr1:167906019C>T","ENST00000271373.4","-","1","102",,,,"NM_001143674.2","NP_001137146.1","O95563","CCACCGCCATCTAACGCTGCG","0.706","intron_variant","1q24","NM_015415",,
"FASLG","356","__UNKNOWN__","__UNKNOWN__","chr1","172635932","172635932","__UNKNOWN__","3'UTR","SNP","C","C","T","rs1436776338",,"RN52308948","g.chr1:172635932C>T","ENST00000367721.2","+","0","1806",,,,"NM_000639.1","NP_000630.1","P48023","TGATGTTTTCCtataatataa","0.249","3_prime_UTR_variant","1q23",,,
"TNR","7143","__UNKNOWN__","__UNKNOWN__","chr1","175360499","175360499","__UNKNOWN__","Missense_Mutation","SNP","C","C","T","rs1348604528",,"RN52308948","g.chr1:175360499C>T","ENST00000367674.2","-","7","2140","c.1432G>A","c.(1432-1434)Gag>Aag","p.E478K",,,"Q92752","ATGTATTCCTCCCCAGGCTTT","0.567","missense","1q24","NM_003285",,
"RASAL2","9462","__UNKNOWN__","__UNKNOWN__","chr1","178442781","178442781","__UNKNOWN__","3'UTR","SNP","G","G","C",,,"RN52308948","g.chr1:178442781G>C","ENST00000462775.1","+","0","3952",,,,"NM_004841.3","NP_004832.1","Q9UJF2","TCAGTAGGTAGAGACCAAGCA","0.408","3_prime_UTR_variant","1q25","NM_170692",,
"XPR1","9213","__UNKNOWN__","__UNKNOWN__","chr1","180804252","180804252","__UNKNOWN__","Intron","SNP","G","G","A",,,"RN52308948","g.chr1:180804252G>A","ENST00000367590.4","+","10","1504",,,,"NM_004736.3","NP_004727.2","Q9UBH6","AAGGATAAATGAGAAAGTTAA","0.328","intron_variant","1q25.1","NM_004736",,
"KIAA1614","57710","__UNKNOWN__","__UNKNOWN__","chr1","180907651","180907651","__UNKNOWN__","Intron","SNP","G","G","A","rs770851802",,"RN52308948","g.chr1:180907651G>A","ENST00000367588.4","+","6","2816",,,,"NM_020950.1","NP_066001.1","Q5VZ46","CCTGTGGGATGAGCCGGTCTG","0.587","intron_variant","1q25.3","XM_046531",,
"STX6","10228","__UNKNOWN__","__UNKNOWN__","chr1","180957399","180957399","__UNKNOWN__","Missense_Mutation","SNP","C","C","T",,,"RN52308948","g.chr1:180957399C>T","ENST00000258301.5","-","6","809","c.572G>A","c.(571-573)gGa>gAa","p.G191E","NM_005819.4","NP_005810.1","O43752","CAGCTCCCCTCCGATGCGCTG","0.557","missense","1q25.3","NM_005819",,
"SMG7","9887","__UNKNOWN__","__UNKNOWN__","chr1","183502322","183502322","__UNKNOWN__","Silent","SNP","C","C","T",,,"RN52308948","g.chr1:183502322C>T","ENST00000347615.2","+","9","986","c.867C>T","c.(865-867)ttC>ttT","p.F289F","NM_173156.2","NP_775179.1","Q92540","AAAAAGCTTTCAACTCTCAGC","0.393","synonymous_variant","1q25","NM_014837",,
"KDM5B","10765","__UNKNOWN__","__UNKNOWN__","chr1","202777591","202777591","__UNKNOWN__","5'UTR","SNP","G","G","A","rs551572032",,"RN52308948","g.chr1:202777591G>A","ENST00000367265.3","-","0","1007",,,,"NM_006618.3","NP_006609.3","Q9UGL1","CTCCGACGACGACGTCTCGCC","0.697","5_prime_UTR_variant","1q32.1","NM_006618",,
"CHIT1","1118","__UNKNOWN__","__UNKNOWN__","chr1","203188353","203188353","__UNKNOWN__","Missense_Mutation","SNP","G","G","C","rs1322263744",,"RN52308948","g.chr1:203188353G>C","ENST00000367229.1","-","9","1054","c.1020C>G","c.(1018-1020)ttC>ttG","p.F340L","NM_001270509.1|NM_003465.2","NP_001257438.1|NP_003456.1","Q13231","CCTTGGTTTTGAAGCTCTCCA","0.552","missense","1q32.1","NM_003465",,
"TMCC2","9911","__UNKNOWN__","__UNKNOWN__","chr1","205197450","205197450","__UNKNOWN__","5'UTR","SNP","G","G","A","rs1447090525",,"RN52308948","g.chr1:205197450G>A","ENST00000358024.3","+","0","147",,,,"NM_014858.3","NP_055673.2","O75069","CCTCGACTGTGACCTGTCTTC","0.552","5_prime_UTR_variant","1q32.1","NM_014858",,
"CR2","1380","__UNKNOWN__","__UNKNOWN__","chr1","207644309","207644309","__UNKNOWN__","Intron","SNP","G","G","C",,,"RN52308948","g.chr1:207644309G>C","ENST00000367058.3","+","8","1591",,,,"NM_001877.4","NP_001868.2","P20023","AGATTGCCTTGAATTAAATTC","0.453","intron_variant","1q32","NM_001877",,
"C1orf143","440714","__UNKNOWN__","__UNKNOWN__","chr1","218698909","218698909","__UNKNOWN__","3'UTR","SNP","G","G","C",,,"RN52308948","g.chr1:218698909G>C","ENST00000443836.1","+","0","351",,,,,,,"GTTTCAGGCAGAGGTAATTTT","0.413","3_prime_UTR_variant","1q41",,,
"OBSCN","84033","__UNKNOWN__","__UNKNOWN__","chr1","228432050","228432050","__UNKNOWN__","Missense_Mutation","SNP","G","G","A",,,"RN52308948","g.chr1:228432050G>A","ENST00000422127.1","+","11","3303","c.3259G>A","c.(3259-3261)Gag>Aag","p.E1087K","NM_001098623.2","NP_001092093.2","Q5VST9","GGTGCAGGCTGAGGCGGGGGC","0.572","missense","1q42","NM_052843",,
"GNPAT","8443","__UNKNOWN__","__UNKNOWN__","chr1","231396304","231396304","__UNKNOWN__","Missense_Mutation","SNP","G","G","A",,,"RN52308948","g.chr1:231396304G>A","ENST00000366647.4","+","3","482","c.313G>A","c.(313-315)Gag>Aag","p.E105K","NM_014236.3","NP_055051.1","O15228","GGAAGTGAGTGAGATCTTAGA","0.403","missense","1q42",,,
"HEATR1","55127","__UNKNOWN__","__UNKNOWN__","chr1","236715676","236715676","__UNKNOWN__","Intron","SNP","C","C","G","rs1315206154",,"RN52308948","g.chr1:236715676C>G","ENST00000366582.3","-","44","6352",,,,"NM_018072.5","NP_060542.4","Q9H583","TTTATAATCTCTTCCTTTAAA","0.388","intron_variant","1q43","XM_375853",,
"RP11-488L18.10","0","__UNKNOWN__","__UNKNOWN__","chr1","247347625","247347626","__UNKNOWN__","lincRNA","DEL","AG","AG","-","rs1207903040|rs985186363",,"RN52308948","g.chr1:247347625_247347626delAG","ENST00000566446.1","-","0","2492",,,,,,,"TTCAAGAAACAGGGAGTCAGAC","0.545",,,,,
"RRM2","6241","__UNKNOWN__","__UNKNOWN__","chr2","10267029","10267029","__UNKNOWN__","Silent","SNP","G","G","C","rs764902245",,"RN52308948","g.chr2:10267029G>C","ENST00000304567.5","+","6","666","c.597G>C","c.(595-597)acG>acC","p.T199T","NM_001034.3","NP_001025.1","P31350","CCATTGAAACGATGCCTTGTG","0.468","synonymous_variant","2p25-p24",,,
"ATAD2B","54454","__UNKNOWN__","__UNKNOWN__","chr2","23980631","23980631","__UNKNOWN__","Silent","SNP","G","G","A",,,"RN52308948","g.chr2:23980631G>A","ENST00000238789.5","-","25","4078","c.3735C>T","c.(3733-3735)gtC>gtT","p.V1245V","NM_001242338.1|NM_017552.2","NP_001229267.1|NP_060022.1","Q9ULI0","TGCTGCTGTTGACCAGTAGAG","0.458","synonymous_variant","2p24.1-p23.3","NM_017552",,
"GAREML","150946","__UNKNOWN__","__UNKNOWN__","chr2","26407689","26407689","__UNKNOWN__","Silent","SNP","C","C","T","rs776557870",,"RN52308948","g.chr2:26407689C>T","ENST00000401533.2","+","4","1102","c.972C>T","c.(970-972)ttC>ttT","p.F324F","NM_001168241.1","NP_001161713.1","Q75VX8","CGCCGCGCTTCGCGCTGCCGC","0.731","synonymous_variant","2p23.3","NM_001168241",,
"KHK","3795","__UNKNOWN__","__UNKNOWN__","chr2","27322016","27322016","__UNKNOWN__","Intron","SNP","G","G","A",,,"RN52308948","g.chr2:27322016G>A","ENST00000260599.6","+","6","1077",,,,"NM_000221.2","NP_000212.1","P50053","TGCTGTTGGTGAATGACGAGT","0.542","intron_variant","2p23.3-p23.2",,,
"ABCG8","64241","__UNKNOWN__","__UNKNOWN__","chr2","44104980","44104980","__UNKNOWN__","Silent","SNP","C","C","T","rs1258188632",,"RN52308948","g.chr2:44104980C>T","ENST00000272286.2","+","13","2040","c.1950C>T","c.(1948-1950)ctC>ctT","p.L650L","NM_022437.2","NP_071882.1","Q9H221","TCATTGGCCTCAGCGGTGGCT","0.542","synonymous_variant","2p21","NM_022437",,
