pt_sbst_no,type,batch_id,gene_name,site,description,gene_vl,z_score
RN52308948,N,YBC_S07,ESYT2,S758 S761,A0FGR8__K.EPTPSIAS(79.966)DIS(79.966)LPIATQELR.Q,1.56584,0.49476
RN52308948,N,YBC_S07,ESYT2,S758,A0FGR8__K.EPTPSIAS(79.966)DISLPIATQELR.Q,1.1481,0.0961699
RN52308948,N,YBC_S07,ESYT2,S761,A0FGR8__K.EPTPSIASDIS(79.966)LPIATQELR.Q,0.625813,-0.624333
RN52308948,N,YBC_S07,ESYT2,S693,A0FGR8__K.SHM(15.995)SGS(79.966)PGPGGSNTAPSTPVIGGSDKPGM(15.995)EEK.A,,
RN52308948,N,YBC_S07,ESYT2,T705,A0FGR8__K.SHM(15.995)SGSPGPGGSNTAPST(79.966)PVIGGSDKPGM(15.995)EEK.A,,
RN52308948,N,YBC_S07,ESYT2,S736,A0FGR8__R.S(79.966)SSSLLASPGHISVK.E,,
RN52308948,N,YBC_S07,ESYT2,S738,A0FGR8__R.SSS(79.966)SLLASPGHISVK.E,,
RN52308948,N,YBC_S07,ESYT2,S739,A0FGR8__R.SSSS(79.966)LLASPGHISVK.E,0.327605,-0.942241
RN52308948,N,YBC_S07,ESYT2,S743,A0FGR8__R.SSSSLLAS(79.966)PGHISVK.E,,
RN52308948,N,YBC_S07,ESYT2,S748 S758,A0FGR8__R.SSSSLLASPGHIS(79.966)VKEPTPSIAS(79.966)DISLPIATQELR.Q,,
RN52308948,N,YBC_S07,UHRF1BP1L,S418,A0JNW5__K.DHNVGSPPKS(79.966)PTHASPQHTQTEK.D,,
RN62729667,N,YBC_S19,ESYT2,S758 S761,A0FGR8__K.EPTPSIAS(79.966)DIS(79.966)LPIATQELR.Q,1.46407,0.374872
RN62729667,T,YBC_S19,ESYT2,S758 S761,A0FGR8__K.EPTPSIAS(79.966)DIS(79.966)LPIATQELR.Q,1.39984,0.299211
RN62729667,N,YBC_S19,ESYT2,S758,A0FGR8__K.EPTPSIAS(79.966)DISLPIATQELR.Q,0.744687,-0.925892
RN62729667,T,YBC_S19,ESYT2,S758,A0FGR8__K.EPTPSIAS(79.966)DISLPIATQELR.Q,0.945479,-0.417177
RN62729667,N,YBC_S19,ESYT2,S761,A0FGR8__K.EPTPSIASDIS(79.966)LPIATQELR.Q,1.06376,0.126563
RN62729667,T,YBC_S19,ESYT2,S761,A0FGR8__K.EPTPSIASDIS(79.966)LPIATQELR.Q,1.15267,0.279002
RN62729667,N,YBC_S19,ESYT2,S693,A0FGR8__K.SHM(15.995)SGS(79.966)PGPGGSNTAPSTPVIGGSDKPGM(15.995)EEK.A,,
RN62729667,T,YBC_S19,ESYT2,S693,A0FGR8__K.SHM(15.995)SGS(79.966)PGPGGSNTAPSTPVIGGSDKPGM(15.995)EEK.A,,
RN62729667,N,YBC_S19,ESYT2,T705,A0FGR8__K.SHM(15.995)SGSPGPGGSNTAPST(79.966)PVIGGSDKPGM(15.995)EEK.A,,
RN62729667,T,YBC_S19,ESYT2,T705,A0FGR8__K.SHM(15.995)SGSPGPGGSNTAPST(79.966)PVIGGSDKPGM(15.995)EEK.A,,
RN62729667,N,YBC_S19,ESYT2,S736,A0FGR8__R.S(79.966)SSSLLASPGHISVK.E,0.777785,-0.224086
RN62729667,T,YBC_S19,ESYT2,S736,A0FGR8__R.S(79.966)SSSLLASPGHISVK.E,0.736019,-0.300355
RN62729667,N,YBC_S19,ESYT2,S738,A0FGR8__R.SSS(79.966)SLLASPGHISVK.E,,
RN62729667,T,YBC_S19,ESYT2,S738,A0FGR8__R.SSS(79.966)SLLASPGHISVK.E,,
RN62729667,N,YBC_S19,ESYT2,S739,A0FGR8__R.SSSS(79.966)LLASPGHISVK.E,0.660099,-0.335358
RN62729667,T,YBC_S19,ESYT2,S739,A0FGR8__R.SSSS(79.966)LLASPGHISVK.E,0.919837,0.138727
RN62729667,N,YBC_S19,ESYT2,S743,A0FGR8__R.SSSSLLAS(79.966)PGHISVK.E,0.852963,-0.195298
RN62729667,T,YBC_S19,ESYT2,S743,A0FGR8__R.SSSSLLAS(79.966)PGHISVK.E,1.09793,0.170203
RN62729667,N,YBC_S19,ESYT2,S748 S758,A0FGR8__R.SSSSLLASPGHIS(79.966)VKEPTPSIAS(79.966)DISLPIATQELR.Q,1.15086,-0.347235
RN62729667,T,YBC_S19,ESYT2,S748 S758,A0FGR8__R.SSSSLLASPGHIS(79.966)VKEPTPSIAS(79.966)DISLPIATQELR.Q,0.78495,-0.628057
RN46085665,N,YBC_S11,ESYT2,S758 S761,A0FGR8__K.EPTPSIAS(79.966)DIS(79.966)LPIATQELR.Q,0.901251,-0.288133
RN46085665,T,YBC_S11,ESYT2,S758 S761,A0FGR8__K.EPTPSIAS(79.966)DIS(79.966)LPIATQELR.Q,1.14969,0.00452689
RN46085665,N,YBC_S11,ESYT2,S758,A0FGR8__K.EPTPSIAS(79.966)DISLPIATQELR.Q,1.2795,0.429082
RN46085665,T,YBC_S11,ESYT2,S758,A0FGR8__K.EPTPSIAS(79.966)DISLPIATQELR.Q,1.00661,-0.26229
RN46085665,N,YBC_S11,ESYT2,S761,A0FGR8__K.EPTPSIASDIS(79.966)LPIATQELR.Q,0.683644,-0.525177
RN46085665,T,YBC_S11,ESYT2,S761,A0FGR8__K.EPTPSIASDIS(79.966)LPIATQELR.Q,0.95236,-0.0644401
RN46085665,N,YBC_S11,ESYT2,S693,A0FGR8__K.SHM(15.995)SGS(79.966)PGPGGSNTAPSTPVIGGSDKPGM(15.995)EEK.A,,
RN46085665,T,YBC_S11,ESYT2,S693,A0FGR8__K.SHM(15.995)SGS(79.966)PGPGGSNTAPSTPVIGGSDKPGM(15.995)EEK.A,,
RN46085665,N,YBC_S11,ESYT2,T705,A0FGR8__K.SHM(15.995)SGSPGPGGSNTAPST(79.966)PVIGGSDKPGM(15.995)EEK.A,,
RN46085665,T,YBC_S11,ESYT2,T705,A0FGR8__K.SHM(15.995)SGSPGPGGSNTAPST(79.966)PVIGGSDKPGM(15.995)EEK.A,,
RN46085665,N,YBC_S11,ESYT2,S736,A0FGR8__R.S(79.966)SSSLLASPGHISVK.E,0.694736,-0.375742
RN46085665,T,YBC_S11,ESYT2,S736,A0FGR8__R.S(79.966)SSSLLASPGHISVK.E,1.03182,0.239815
RN46085665,N,YBC_S11,ESYT2,S738,A0FGR8__R.SSS(79.966)SLLASPGHISVK.E,,
RN46085665,T,YBC_S11,ESYT2,S738,A0FGR8__R.SSS(79.966)SLLASPGHISVK.E,,
RN46085665,N,YBC_S11,ESYT2,S739,A0FGR8__R.SSSS(79.966)LLASPGHISVK.E,0.788949,-0.100177
RN46085665,T,YBC_S11,ESYT2,S739,A0FGR8__R.SSSS(79.966)LLASPGHISVK.E,1.16177,0.580312
RN46085665,N,YBC_S11,ESYT2,S743,A0FGR8__R.SSSSLLAS(79.966)PGHISVK.E,0.911615,-0.107787
RN46085665,T,YBC_S11,ESYT2,S743,A0FGR8__R.SSSSLLAS(79.966)PGHISVK.E,0.898792,-0.126919
RN46085665,N,YBC_S11,ESYT2,S748 S758,A0FGR8__R.SSSSLLASPGHIS(79.966)VKEPTPSIAS(79.966)DISLPIATQELR.Q,,
